﻿{"cameraMode":{"drawMode":0,"name":"Shaded","section":"Shading Mode"},"sceneLighting":true,"audioPlay":false,"sceneViewState":{"m_AlwaysRefresh":false,"showFog":true,"showSkybox":true,"showFlares":true,"showImageEffects":true,"showParticleSystems":true,"showVisualEffectGraphs":true,"m_FxEnabled":true},"in2DMode":false,"pivot":{"x":0.0,"y":-0.00000762939453125,"z":-0.000007152557373046875},"rotation":{"x":0.739158034324646,"y":0.008081494830548764,"z":-0.008870325982570649,"w":0.6734257936477661},"size":46.359474182128909,"orthographic":true}